path,width,height,mode
icons/brand/mysticquests_emblem.png,512,512,RGBA
icons/fallback/missing_content.png,256,256,RGBA
icons/fallback/missing_content_32.png,32,32,RGBA
icons/fallback/missing_content_64.png,64,64,RGBA
icons/navigation/admin.png,256,256,RGBA
icons/navigation/admin_32.png,32,32,RGBA
icons/navigation/admin_64.png,64,64,RGBA
icons/navigation/conversation.png,256,256,RGBA
icons/navigation/conversation_32.png,32,32,RGBA
icons/navigation/conversation_64.png,64,64,RGBA
icons/navigation/journal.png,256,256,RGBA
icons/navigation/journal_32.png,32,32,RGBA
icons/navigation/journal_64.png,64,64,RGBA
icons/navigation/quest_board.png,256,256,RGBA
icons/navigation/quest_board_32.png,32,32,RGBA
icons/navigation/quest_board_64.png,64,64,RGBA
icons/navigation/tracker.png,256,256,RGBA
icons/navigation/tracker_32.png,32,32,RGBA
icons/navigation/tracker_64.png,64,64,RGBA
icons/rewards/reward.png,256,256,RGBA
icons/rewards/reward_32.png,32,32,RGBA
icons/rewards/reward_64.png,64,64,RGBA
icons/status/quest_complete.png,256,256,RGBA
icons/status/quest_complete_32.png,32,32,RGBA
icons/status/quest_complete_64.png,64,64,RGBA
source_rgba/admin_master.png,1254,1254,RGBA
source_rgba/brand_master.png,1254,1254,RGBA
source_rgba/button_master.png,1983,793,RGBA
source_rgba/complete_master.png,1254,1254,RGBA
source_rgba/conversation_master.png,1254,1254,RGBA
source_rgba/fallback_master.png,1254,1254,RGBA
source_rgba/journal_master.png,1254,1254,RGBA
source_rgba/meter_fill_master.png,1774,887,RGBA
source_rgba/meter_frame_master.png,1774,887,RGBA
source_rgba/panel_master.png,1448,1086,RGBA
source_rgba/quest_board_master.png,1254,1254,RGBA
source_rgba/reward_master.png,1254,1254,RGBA
source_rgba/tracker_master.png,1254,1254,RGBA
ui/buttons/wayfinder_default.png,256,64,RGBA
ui/buttons/wayfinder_default@2x.png,512,128,RGBA
ui/buttons/wayfinder_destructive.png,256,64,RGBA
ui/buttons/wayfinder_destructive@2x.png,512,128,RGBA
ui/buttons/wayfinder_disabled.png,256,64,RGBA
ui/buttons/wayfinder_disabled@2x.png,512,128,RGBA
ui/buttons/wayfinder_focused.png,256,64,RGBA
ui/buttons/wayfinder_focused@2x.png,512,128,RGBA
ui/buttons/wayfinder_hover.png,256,64,RGBA
ui/buttons/wayfinder_hover@2x.png,512,128,RGBA
ui/buttons/wayfinder_pressed.png,256,64,RGBA
ui/buttons/wayfinder_pressed@2x.png,512,128,RGBA
ui/buttons/wayfinder_success.png,256,64,RGBA
ui/buttons/wayfinder_success@2x.png,512,128,RGBA
ui/meters/objective_fill.png,512,48,RGBA
ui/meters/objective_fill@2x.png,1024,96,RGBA
ui/meters/objective_frame.png,512,48,RGBA
ui/meters/objective_frame@2x.png,1024,96,RGBA
ui/panels/reliquary_panel.png,512,384,RGBA
ui/panels/reliquary_panel@2x.png,1024,768,RGBA
ui/panels/reliquary_panel_dark.png,512,384,RGBA
ui/panels/reliquary_panel_dark@2x.png,1024,768,RGBA
